id,original_prompt,generated_response,status,model_used,response_length,processed_at
1,Crea un flujo de UiPath para automatizar el proceso de login en una aplicación web,"Claro, como especialista en automatizaciones de UiPath, te proporcionaré una guía completa y detallada para crear un flujo de trabajo robusto que automatice el proceso de inicio de sesión en una aplicación web.

### 1. Análisis Detallado del Proceso

Antes de construir el flujo, es crucial entender y desglosar el proceso manual. Un análisis adecuado previene retrabajos y asegura una automatización más resiliente.

*   **Pre-requisitos:**
    *   La URL de la aplicación web es conocida y accesible.
    *   Las credenciales (usuario y contraseña) son válidas y están disponibles para el robot.
    *   El navegador a utilizar (Chrome, Edge, Firefox) está instalado y la extensión de UiPath correspondiente está habilitada.

*   **Pasos del Proceso Manual:**
    1.  Abrir el navegador web.
    2.  Navegar a la URL de la aplicación.
    3.  Esperar a que la página de inicio de sesión cargue completamente.
    4.  Localizar el campo de ""usuario"".
    5.  Introducir el nombre de usuario.
    6.  Localizar el campo de ""contraseña"".
    7.  Introducir la contraseña.
    8.  Localizar y hacer clic en el botón de ""Iniciar Sesión"" o ""Login"".
    9.  Esperar a que la página principal (post-login) cargue.
    10. Verificar que el inicio de sesión fue exitoso mediante la identificación de un elemento único en la página de bienvenida (ej. el nombre de usuario, un botón de ""Cerrar Sesión"", etc.).

*   **Post-condiciones (Resultados Esperados):**
    *   **Éxito:** El robot ha iniciado sesión correctamente y se encuentra en la página principal de la aplicación.
    *   **Fallo:** El robot no pudo iniciar sesión y ha registrado el motivo del error (ej. credenciales incorrectas, la página no cargó, un elemento no fue encontrado).

### 2. Diagrama de Flujo en Texto

A continuación, se presenta un diagrama de flujo en formato de texto que describe la lógica del proceso, incluyendo el manejo de errores.

```text
Inicio
|
+-- Bloque Try-Catch (Manejo de Excepciones Global)
    |
    +-- Secuencia: Proceso de Login
        |
        +-- 1. Obtener Credenciales (Desde Orchestrator Assets o Windows Credential Manager)
        |
        +-- 2. Abrir Navegador (Open Browser) a la URL especificada
        |   |
        |   +-- Acción: Maximizar Ventana (Maximize Window)
        |
        +-- 3. Escribir Usuario (Type Into)
        |
        +-- 4. Escribir Contraseña (Type Secure Text)
        |
        +-- 5. Clic en Botón Login (Click)
        |
        +-- 6. Verificar Login Exitoso (Element Exists / Check App State)
            |
            +-- Condición (If): ¿El elemento de verificación existe?
                |
                +-- SÍ:
                |   +-- Registrar Éxito (Log Message - ""Login exitoso"")
                |
                +-- NO:
                    +-- Lanzar Excepción (Throw Business Rule Exception - ""Fallo en el login: Credenciales inválidas o página no cargada"")
|
+-- Bloque Catch (Business Rule Exception - BRE)
|   |
|   +-- Registrar Error de Negocio (Log Message - ""Error de negocio: "" + exception.Message)
|   +-- Cerrar Navegador (Close Tab/Window)
|
+-- Bloque Catch (System Exception - SE)
|   |
|   +-- Registrar Error de Sistema (Log Message - ""Error de sistema: "" + exception.Message)
|   +-- Tomar Captura de Pantalla (Take Screenshot)
|   +-- Cerrar Navegador (Close Tab/Window)
|
+-- Bloque Finally
    |
    +-- (Opcional) Asegurar que el navegador esté cerrado si es necesario
|
Fin
```

### 3. Pasos Específicos de Automatización en UiPath Studio

Aquí se detallan las actividades de UiPath que se utilizarán para construir el flujo.

**Proyecto:** Crea un nuevo proyecto en UiPath Studio (puedes usar la plantilla ""Robotic Enterprise Framework"" para una estructura más avanzada o ""Process"" para algo más simple).

**Secuencia Principal:**

1.  **Try Catch:** Arrastra una actividad `Try Catch` al panel de diseñador. Esto es fundamental para un manejo de errores robusto.

2.  **Obtener Credenciales (Dentro del `Try`):**
    *   **Método Recomendado: Orchestrator Assets.**
        *   Usa la actividad `Get Credential`.
        *   En las propiedades, especifica el nombre del ""Asset"" de tipo credencial previamente creado en Orchestrator.
        *   Esto devolverá una variable de tipo `String` (para el usuario) y una `SecureString` (para la contraseña).
    *   **Alternativa:** Windows Credential Manager o un archivo de configuración local (menos seguro).

3.  **Abrir Navegador y Navegar (Dentro del `Try`):**
    *   Arrastra la actividad `Use Application/Browser`.
    *   Indica la aplicación (navegador) a utilizar.
    *   En el campo **URL**, introduce la dirección de la página de login.
    *   **Propiedades Importantes:**
        *   **BrowserType:** Selecciona el navegador (Chrome, Edge, etc.).
        *   **ResizeWindow:** `Maximize` para asegurar que todos los elementos sean visibles.

4.  **Escribir Usuario (Dentro de `Use Application/Browser`):**
    *   Usa la actividad `Type Into`.
    *   Indica en pantalla el campo de texto del usuario.
    *   En el campo **Text**, pasa la variable que contiene el nombre de usuario.
    *   **Propiedades Clave:**
        *   **Activate:** `True`.
        *   **ClickBeforeTyping:** `True`.
        *   **EmptyField:** `True` (para limpiar el campo antes de escribir).

5.  **Escribir Contraseña (Dentro de `Use Application/Browser`):**
    *   Usa la actividad `Type Secure Text`. Es crucial para manejar contraseñas de forma segura sin exponerlas en logs.
    *   Indica en pantalla el campo de texto de la contraseña.
    *   En el campo **SecureText**, pasa la variable de tipo `SecureString` obtenida en el paso 2.

6.  **Hacer Clic en Login (Dentro de `Use Application/Browser`):**
    *   Usa la actividad `Click`.
    *   Indica en pantalla el botón de ""Iniciar Sesión"".
    *   **Propiedades Clave:**
        *   Asegúrate de que el selector sea robusto (ver consideraciones técnicas).

7.  **Validación del Login (Dentro de `Use Application/Browser`):**
    *   Usa la actividad `Check App State`. Esta actividad espera a que aparezca un elemento y ejecuta una secuencia si lo encuentra, y otra si no (después de un tiempo de espera).
    *   **Target:** Indica un elemento que **solo** aparece después de un login exitoso (ej. un ícono de perfil, el texto ""Bienvenido, [Usuario]"", etc.).
    *   **Secuencia ""Target appears"":**
        *   Añade una actividad `Log Message` con el nivel `Info` y el mensaje ""Login realizado con éxito.""
    *   **Secuencia ""Target does not appear"":**
        *   Añade una actividad `Throw`.
        *   Crea una nueva `BusinessRuleException` con el mensaje: ""Fallo al validar el login. El elemento de confirmación no apareció. Posibles credenciales incorrectas o la página no cargó.""

8.  **Manejo de Excepciones (Bloques `Catches`):**
    *   **En el primer `Catch`:**
        *   Establece el tipo de excepción a `UiPath.Core.BusinessRuleException`.
        *   Añade una actividad `Log Message` con nivel `Warn` o `Error` para registrar el mensaje de la excepción (`exception.Message`).
    *   **Añade un nuevo `Catch`:**
        *   Establece el tipo de excepción a `System.Exception`.
        *   Esto capturará errores inesperados como ""Selector no encontrado"", ""La aplicación no responde"", etc.
        *   Dentro, usa `Log Message` (nivel `Error`) para registrar el error.
        *   Usa `Take Screenshot` para guardar una imagen del estado de la pantalla al momento del error, lo cual es invaluable para la depuración.

### 4. Consideraciones Técnicas Importantes

*   **Selectores Robustos:**
    *   Evita usar IDs dinámicos (ej. `id=""ext-gen1234""`).
    *   Prioriza atributos estáticos como `name`, `id` (si es estático), o `data-test-id`.
    *   Usa `UI Explorer` para afinar los selectores, utilizando `Fuzzy` o `Anchor Base` si es necesario para elementos inestables.

*   **Manejo de Credenciales:**
    *   **Nunca** almacenes credenciales directamente en el código o en texto plano.
    *   La mejor práctica es usar **Orchestrator Assets**. Son encriptados, centralizados y se puede gestionar su acceso por robot y por entorno.

*   **Tiempos de Espera (Waits):**
    *   No uses retrasos fijos (`Delay`). Son ineficientes y frágiles.
    *   Las actividades modernas de UI (como las contenidas en `Use Application/Browser`) tienen tiempos de espera implícitos.
    *   Para esperas explícitas, usa `Check App State` o `Element Exists` para esperar a que la aplicación esté lista antes de interactuar con ella.

*   **Reutilización:**
    *   Encapsula este flujo de login en un archivo `Login.xaml` separado.
    *   Usa `Input Arguments` para pasar la URL y el nombre del Asset de la credencial.
    *   Usa `Output Arguments` para indicar si el login fue exitoso.
    *   Luego, puedes invocar este flujo desde cualquier otro proceso usando la actividad `Invoke Workflow File`.

### 5. Posibles Excepciones y su Manejo

| Excepción Potencial | Causa Común | Estrategia de Manejo en UiPath |
| :--- | :--- | :--- |
| **Elemento no encontrado (`SelectorNotFoundException`)** | La página no cargó a tiempo, el selector es incorrecto o la estructura de la web cambió. | - **Prevención:** Asegurar selectores robustos y usar actividades con esperas implícitas. <br> - **Manejo:** Capturar en el bloque `Catch (System.Exception)`. Registrar el error, tomar captura de pantalla y, si es necesario, reintentar la operación. |
| **Credenciales Inválidas (`BusinessRuleException`)** | El usuario o la contraseña son incorrectos. | - **Manejo:** Es un error de negocio, no técnico. Se maneja lanzando una `BusinessRuleException` después de una validación fallida (el elemento de éxito no aparece). El proceso principal puede decidir si reintentar con otras credenciales o detenerse. |
| **Tiempo de Espera Excedido (`TimeoutException`)** | La aplicación web es lenta o no responde. | - **Prevención:** Ajustar la propiedad `Timeout` en las actividades de UI. <br> - **Manejo:** Capturar en el bloque `Catch (System.Exception)`. Registrar que la aplicación no respondió a tiempo. |
| **Error de Navegador (`BrowserOpenException`)** | El navegador no se pudo abrir, o la extensión de UiPath no funciona. | - **Manejo:** Capturar en el bloque `Catch (System.Exception)`. Registrar un error crítico de configuración del entorno. |

Siguiendo esta guía estructurada, construirás un flujo de automatización de login que no solo funciona en el ""camino feliz"", sino que también es robusto, seguro y fácil de mantener y depurar.",completed,gemini-2.5-pro,10516,2025-09-14T22:15:07.669730
2,Cómo leer datos de un archivo Excel con UiPath,"¡Excelente! Como especialista en flujos de UiPath, te proporcionaré una guía completa y detallada para leer datos de un archivo Excel con múltiples hojas.

Aquí tienes la solución completa, abarcando desde el análisis hasta el manejo de errores.

### 1. Análisis Detallado del Proceso

El objetivo es extraer datos de un archivo Excel que contiene un número variable de hojas. El enfoque más robusto y dinámico es no depender de los nombres de las hojas codificados en el flujo de trabajo. En su lugar, el robot debe primero identificar todas las hojas presentes en el libro de trabajo y luego iterar a través de cada una para leer su contenido.

La lógica del proceso es la siguiente:
1.  **Abrir el archivo Excel**: El robot necesita acceder al contenido del libro de trabajo.
2.  **Obtener la lista de hojas**: Se debe generar una lista con los nombres de todas las hojas existentes en el archivo.
3.  **Iterar sobre cada hoja**: El robot recorrerá la lista de nombres de hojas, una por una.
4.  **Leer los datos de la hoja actual**: Dentro del bucle, se leerá el contenido completo de la hoja actual y se almacenará en una estructura de datos, típicamente una variable de tipo `DataTable`.
5.  **Procesar los datos**: Una vez leídos, los datos de cada hoja pueden ser procesados individualmente o, como es común, consolidados en una única `DataTable` maestra.
6.  **Finalizar**: Una vez que se han procesado todas las hojas, el flujo de trabajo finaliza, dejando los datos listos para ser utilizados en pasos posteriores de la automatización.

### 2. Diagrama de Flujo en Texto

A continuación, se presenta el flujo lógico del proceso en formato de texto:

```
Inicio
  |
  +--> [Abrir Ámbito de Aplicación de Excel (Excel Application Scope)]
  |      // Especificar la ruta del archivo Excel
  |
  +--> [Obtener Hojas de Libro (Get Workbook Sheets)]
  |      // Almacenar la lista de nombres de hojas en una variable (ej: ListaHojas)
  |
  +--> [Para Cada (For Each)]
  |      // Iterar sobre cada 'hoja' en 'ListaHojas'
  |
  +------> [Leer Rango (Read Range)]
  |          // Leer la 'hoja' actual y guardar los datos en una DataTable temporal (ej: DtTemporal)
  |
  +------> [Fusionar Tabla de Datos (Merge Data Table)]
  |          // Añadir los datos de 'DtTemporal' a una DataTable maestra (ej: DtMaestra)
  |
  +------> [Fin del Bucle Para Cada]
  |
  +--> [Cierre del Ámbito de Aplicación de Excel]
  |      // El archivo se cierra automáticamente
  |
  +--> [Procesar DtMaestra]
  |      // Aquí puedes escribir la DataTable en otro Excel, usarla en otro sistema, etc.
  |
Fin```

### 3. Pasos Específicos de Automatización

Estos son los pasos para construir el flujo en UiPath Studio utilizando las actividades clásicas.

**Prerrequisito:** Asegúrate de tener instalado el paquete de actividades `UiPath.Excel.Activities`.

**Paso 1: Configurar el Ámbito de Excel**
1.  Arrastra una actividad **Excel Application Scope** a tu secuencia.
2.  En el campo `WorkbookPath`, introduce la ruta a tu archivo Excel.

**Paso 2: Obtener la Lista de Hojas**
1.  Dentro del **Excel Application Scope**, añade una actividad **Get Workbook Sheets**.
2.  En el panel de `Propiedades` de esta actividad, en el campo `Sheets`, presiona `Ctrl+K` para crear una nueva variable. Asígnale un nombre, por ejemplo, `ListaHojas`. Esta variable será de tipo `List<String>`.

**Paso 3: Inicializar la DataTable Maestra (Opcional, para consolidar datos)**
1.  Antes del bucle, si deseas unir los datos de todas las hojas en una sola tabla, añade una actividad **Assign**.
2.  Crea una nueva variable `DtMaestra` de tipo `System.Data.DataTable`.
3.  En la actividad **Assign**, asigna `DtMaestra` = `New System.Data.DataTable()`. Esto la inicializa.

**Paso 4: Iterar a través de las Hojas**
1.  Añade una actividad **For Each** después de `Get Workbook Sheets`.
2.  En el campo `ForEach`, escribe `hoja`.
3.  En el campo `in`, introduce tu variable `ListaHojas`.
4.  Asegúrate de cambiar el `TypeArgument` en las propiedades del `For Each` a `String`.

**Paso 5: Leer los Datos de Cada Hoja**
1.  Dentro del cuerpo del **For Each**, arrastra una actividad **Read Range**.
2.  En las propiedades de `Read Range`:
    *   `SheetName`: Escribe el nombre de la variable del bucle: `hoja`. Esto hace que lea la hoja correspondiente en cada iteración.
    *   `Range`: Déjalo en blanco (`""""`) para leer la hoja completa.
    *   `DataTable`: En la sección `Output`, presiona `Ctrl+K` para crear una variable donde se guardarán los datos de la hoja actual, por ejemplo, `DtTemporal`.

**Paso 6: Fusionar los Datos (Opcional)**
1.  Después del `Read Range` (aún dentro del bucle), añade una actividad **Merge Data Table**.
2.  En sus propiedades:
    *   `Source`: `DtTemporal` (los datos que acabas de leer).
    *   `Destination`: `DtMaestra` (tu tabla consolidada).

Al finalizar el bucle, la variable `DtMaestra` contendrá todos los datos de todas las hojas del archivo Excel.

### 4. Consideraciones Técnicas Importantes

*   **Modern vs. Classic Design**: La explicación anterior usa las actividades ""clásicas"". En la experiencia de diseño ""Modern"", usarías `Use Excel File`, y dentro de ella, la actividad `For Each Excel Sheet` simplifica el proceso, ya que combina la obtención de hojas y el bucle en una sola actividad.
*   **Excel Instalado**: Las actividades dentro de `Excel Application Scope` requieren que Microsoft Excel esté instalado en la máquina del robot. Si no es así, puedes usar las actividades de `Workbook` (ej: `Get Workbook Sheets` y `Read Range` de Workbook), que no requieren Excel pero pueden tener limitaciones con archivos `.xls` o macros.
*   **Estructura de Datos Consistente**: La fusión de `DataTables` (`Merge Data Table`) asume que la estructura de columnas (nombres y orden) es la misma en todas las hojas. Si no lo es, la fusión podría generar columnas adicionales o errores.
*   **Rendimiento**: Para archivos Excel extremadamente grandes, leer cada hoja en su totalidad puede consumir mucha memoria. Si solo necesitas datos específicos, es más eficiente especificar un rango en la actividad `Read Range`.
*   **Ámbito de las Variables**: Asegúrate de que las variables (`ListaHojas`, `DtMaestra`, etc.) tengan el ámbito correcto. Por lo general, deben estar definidas a nivel de la secuencia principal para ser accesibles en todo el flujo.

### 5. Posibles Excepciones y su Manejo

Es fundamental construir un robot robusto que anticipe posibles problemas. Envuelve la lógica principal en un bloque **Try Catch**.

**Bloque `Try`**:
*   Coloca el `Excel Application Scope` y todas las actividades relacionadas dentro del bloque `Try`.

**Bloque `Catches`**:
1.  **`System.IO.FileNotFoundException`**:
    *   **Causa**: El archivo Excel no se encuentra en la ruta especificada.
    *   **Manejo**: Registra un mensaje de error claro (ej: ""El archivo Excel no fue encontrado en la ruta X"") usando `Log Message` y, si es necesario, finaliza el proceso o notifica a un usuario.

2.  **`System.IO.IOException`**:
    *   **Causa**: El archivo está abierto por otro usuario o proceso, lo que impide que UiPath acceda a él.
    *   **Manejo**: Registra el error. Puedes intentar cerrar el proceso de Excel con una actividad `Kill Process` (proceso: ""EXCEL"") antes de reintentar la operación, o simplemente notificar el problema.

3.  **Archivo corrupto o formato no válido**:
    *   **Causa**: El archivo está dañado o no es un archivo de Excel válido (ej: un CSV renombrado a .xlsx).
    *   **Manejo**: El `Read Range` puede lanzar un error genérico. Captura `System.Exception` y registra el mensaje (`exception.Message`) para diagnosticar el problema.

4.  **`System.Exception` (Genérica)**:
    *   **Causa**: Cualquier otro error inesperado.
    *   **Manejo**: Este bloque debe ser el último en tu `Try Catch`. Registra el mensaje de error (`exception.Message`) y el origen del error (`exception.Source`) para un análisis posterior. Esto asegura que ningún error detenga el robot abruptamente sin ser registrado.

**Bloque `Finally`**:
*   Puedes usar este bloque para realizar acciones de limpieza, como cerrar aplicaciones, independientemente de si ocurrió un error o no.",completed,gemini-2.5-pro,8197,2025-09-14T22:15:07.669778
